ImageName,City,HasTree,Source
ca_1,a,1,https://en.wikipedia.org/wiki/Ponta_Delgada#/media/File:Ilha_de_São_Miguel_DSC00659_(36586155410)_(cropped).jpg
ca_2,a,1,https://en.wikipedia.org/wiki/File:Convent_of_Nossa_Senhora_da_Esperanca_Ponta_Delgada_(cropped).jpg
ca_3,a,1,https://en.wikipedia.org/wiki/File:Centro_Histórico_de_Ponta_Delgada_–_Isla_de_San_Miguel_–_Azores_–_Portugal_(36363460886)_(cropped).jpg
ca_4,a,1,https://en.wikipedia.org/wiki/File:Ilha_de_São_Miguel_DSC01231_(36148097004).jpg
ca_5,a,1,https://upload.wikimedia.org/wikipedia/commons/3/39/Sao_Miguel_%28Azores%29_banner_Ponta_Delgada_marina.jpg
ca_6,a,1,https://en.wikipedia.org/wiki/File:Portas_p_delgada.jpg
ca_7,a,1,https://en.wikipedia.org/wiki/File:Azores20.jpg
ca_8,a,1,https://en.wikipedia.org/wiki/File:SMG_PDL_SPd_Universidade_Açores_Reitoria.jpg
ca_9,a,1,https://www.portugal-live.net/en/regions/azores/ponta-delgada.html
ca_10,a,1,https://upload.wikimedia.org/wikipedia/commons/thumb/3/38/Seafront_of_Ponta_Delgada.jpg/760px-Mapcarta.jpg
ca_11,a,1,https://upload.wikimedia.org/wikipedia/commons/thumb/1/11/Vista_sobre_Ponta_Delgada%2C_foto_tirada_do_adro_da_Igreja_da_M%C3%A3e_de_Deus%2C_Ilha_de_S%C3%A3o_Miguel%2C_A%C3%A7ores.JPG/760px-Mapcarta.jpg
ca_12,a,1,https://www.gpsmycity.com/img/adp_cover/5760.jpg
ca_13,a,1,https://www.google.com/url?sa=i&url=https%3A%2F%2Fwww.adventurous-travels.com%2Fposts%2Fwhat-to-see-in-ponta-delgada&psig=AOvVaw0JDwxJvgPXlYBn2c_qFvdA&ust=1676957604901000&source=images&cd=vfe&ved=0CA4QjRxqFwoTCPjNhZ-wo_0CFQAAAAAdAAAAABAT
ca_14,a,1,https://www.adventurous-travels.com/posts/what-to-see-in-ponta-delgada
ca_15,a,1,https://www.adventurous-travels.com/posts/what-to-see-in-ponta-delgada
ca_16,a,1,https://www.adventurous-travels.com/posts/what-to-see-in-ponta-delgada
ca_17,a,1,https://www.adventurous-travels.com/posts/what-to-see-in-ponta-delgada
ca_18,a,1,https://www.adventurous-travels.com/posts/what-to-see-in-ponta-delgada
ca_19,a,1,https://www.adventurous-travels.com/posts/what-to-see-in-ponta-delgada
ca_20,a,1,https://www.adventurous-travels.com/posts/what-to-see-in-ponta-delgada
ca_21,a,1,https://www.adventurous-travels.com/posts/what-to-see-in-ponta-delgada
ca_22,a,1,https://www.adventurous-travels.com/posts/what-to-see-in-ponta-delgada
ca_23,a,1,https://www.adventurous-travels.com/posts/what-to-see-in-ponta-delgada
ca_24,a,1,https://www.adventurous-travels.com/posts/what-to-see-in-ponta-delgada
ca_25,a,1,https://www.adventurous-travels.com/posts/what-to-see-in-ponta-delgada
ca_26,a,1,https://www.adventurous-travels.com/posts/what-to-see-in-ponta-delgada
ca_27,a,1,https://www.adventurous-travels.com/posts/what-to-see-in-ponta-delgada
ca_28,a,1,https://www.adventurous-travels.com/posts/what-to-see-in-ponta-delgada
ca_29,a,1,https://www.adventurous-travels.com/posts/what-to-see-in-ponta-delgada
ca_30,a,1,https://www.adventurous-travels.com/posts/what-to-see-in-ponta-delgada
ca_31,a,1,https://www.adventurous-travels.com/posts/what-to-see-in-ponta-delgada
ca_32,a,1,https://www.adventurous-travels.com/posts/what-to-see-in-ponta-delgada
ca_33,a,1,https://www.adventurous-travels.com/posts/what-to-see-in-ponta-delgada
ca_34,a,1,https://www.audleytravel.com/ca/portugal/things-to-do/ponta-delgada-walking-tour
ca_35,a,1,https://www.audleytravel.com/ca/portugal/things-to-do/ponta-delgada-walking-tour
ca_36,a,1,https://www.audleytravel.com/ca/portugal/things-to-do/ponta-delgada-walking-tour
ca_37,a,1,https://www.traveloffpath.com/united-launches-5-new-nonstop-flights-to-amazing-destinations/view-of-ponta-delgada-the-azores-portugal/
ca_38,a,1,https://toursofazores.com/2017/09/05/ponta-delgada-an-amazing-city-to-explore/
ca_39,a,1,https://toursofazores.com/2017/09/05/ponta-delgada-an-amazing-city-to-explore/
ca_40,a,1,https://toursofazores.com/2017/09/05/ponta-delgada-an-amazing-city-to-explore/
ca_41,a,1,https://toursofazores.com/2017/09/05/ponta-delgada-an-amazing-city-to-explore/
ca_42,a,1,https://toursofazores.com/2017/09/05/ponta-delgada-an-amazing-city-to-explore/
ca_43,a,1,https://toursofazores.com/2017/09/05/ponta-delgada-an-amazing-city-to-explore/
ca_44,a,1,https://toursofazores.com/2017/09/05/ponta-delgada-an-amazing-city-to-explore/
ca_45,a,1,https://toursofazores.com/2017/09/05/ponta-delgada-an-amazing-city-to-explore/
ca_46,a,1,https://thumbs.dreamstime.com/b/top-view-center-ponta-delgada-city-located-sao-miguel-island-km-region-capital-under-revised-constitution-azores-61530303.jpg
ca_47,a,1,https://stock.adobe.com/uk/images/main-square-of-ponta-delgada-sao-miguel-island-azores-portugal/100132255
ca_48,a,1,https://stock.adobe.com/uk/images/ponta-delgada-and-atlantic-coast-on-sao-miguel-island-azores/123170579
ca_49,a,1,https://stock.adobe.com/uk/images/church-of-st-joseph-portuguese-igreja-de-sao-jose-dated-from-1709-located-in-historic-center-of-ponta-delgada-city-on-sao-miguel-island-of-azores-portugal/248303287
ca_50,a,1,https://stock.adobe.com/uk/images/church-of-st-sebastian-in-ponta-delgada-azores/160348779
ca_51,a,1,https://stock.adobe.com/uk/images/portas-da-cidade-the-city-symbol-of-ponta-delgada-in-sao-miguel-island-in-azores-portugal/174673495
ca_52,a,1,https://stock.adobe.com/uk/images/huge-tree-in-square-in-ponta-delgada/524552787
ca_53,a,1,https://stock.adobe.com/uk/images/view-on-ponta-delgada-from-the-ocean-pier-azores-portugal-white-houses-with-colorful-tiled-roofs-and-countryside-with-mountain-ridge-on-the-horizon/118779115
ca_54,a,1,https://stock.adobe.com/uk/images/portas-da-cidade-the-city-symbol-of-ponta-delgada-in-sao-miguel-island-in-azores-portugal/174673508
ca_55,a,1,https://stock.adobe.com/uk/images/square-in-front-of-municipal-city-hall/67225557
ca_56,a,1,https://stock.adobe.com/uk/images/ponta-delgada-azores-portugal-april-20-2015-tower-of-st-se/108264714
ca_57,a,1,https://stock.adobe.com/uk/images/ponta-delgada-azores/91883013
ca_58,a,1,https://stock.adobe.com/uk/images/ponta-delgada-azores/87723152
ca_59,a,1,https://stock.adobe.com/uk/images/azores-ponta-delgada-portas-da-cidade-city-gates-entrance-ponta-delgada-city-sao-miguel-island-acores-portugal/291602881
ca_60,a,1,https://stock.adobe.com/uk/images/aerial-view-of-praca-da-republica-in-ponta-delgada-azores-portugal/145929881
ca_61,a,1,https://stock.adobe.com/uk/video/ponta-delgada-downtown-city-center-azores-portugal-slow-motion-4k/374725215
ca_62,a,1,https://stock.adobe.com/uk/images/portas-da-cidade-gates-in-ponta-delgada-the-capital-of-azores-portugal-town-square-with-the-historical-entrance-overlooking-the-ocean/118711857
ca_63,a,1,https://stock.adobe.com/uk/images/panoramic-view-over-ponta-delgada-city-azores-travel-destination/422981466
ca_64,a,1,https://stock.adobe.com/uk/images/azores-ponta-delgada-city-gates-entrance-portas-da-cidade-ponta-delgada-city-sao-miguel-island-azores-portugal/291603141
ca_65,a,1,https://stock.adobe.com/uk/images/aerial-view-of-praca-da-republica-in-ponta-delgada-azores-portugal/145929824
ca_66,a,1,https://stock.adobe.com/uk/images/church-in-ponta-delgada-azores/320795321
ca_67,a,1,https://stock.adobe.com/uk/images/tower-of-st-sebastian-church-igreja-matriz-de-sao-sebastiao-i/106724681
ca_68,a,1,https://stock.adobe.com/uk/images/azores-ponta-delgada-downtown-city-center-of-ponta-delgada-sao-miguel-island-azores-portugal/291957810
ca_69,a,1,https://stock.adobe.com/uk/images/skyline-in-ponta-delgada-azores-portugal/561105321
ca_70,a,1,https://stock.adobe.com/uk/images/ponta-delgada-azores/113154458
ca_71,a,1,https://stock.adobe.com/uk/images/ponta-delgada-azores/132454730
ca_72,a,1,https://stock.adobe.com/uk/images/the-ponta-delgada-gates-and-saint-sabastian-church-with-clock-tower-at-night-on-sao-miguel-island-azores-portugal/205471336
ca_73,a,1,https://stock.adobe.com/uk/images/beautiful-jardim-sena-freita-located-in-the-historic-center-of-ponta-delgada-city-on-sao-miguel-island-azores-sao-miguel-portugal/465084046
ca_74,a,1,https://stock.adobe.com/uk/images/beautiful-jardim-sena-freita-located-in-the-historic-center-of-ponta-delgada-city-on-sao-miguel-island-azores-sao-miguel-portugal/465084265
ca_75,a,1,https://stock.adobe.com/uk/images/azores-islands-architecture-historical-city-center-of-ponta-delgada-in-azores-portugal/399046798
ca_76,a,1,https://stock.adobe.com/uk/images/ponta-delgada-town-square/266945606
ca_77,a,1,https://stock.adobe.com/uk/images/beautiful-view-of-ponta-delgada-city-in-sao-miguel-island-azores-portugal/174677355
ca_78,a,1,https://stock.adobe.com/uk/images/garden-in-ponta-delgada-azores/289157139
ca_79,a,1,https://stock.adobe.com/uk/images/azores-islands-architecture-historical-city-center-of-ponta-delgada-in-azores-portugal/399047209
ca_80,a,1,https://stock.adobe.com/uk/images/church-in-ponta-delgada-azores/334450259
ca_81,a,1,https://stock.adobe.com/uk/images/street-in-ponta-delgada-sao-miguel-azores-portugal/409043147
ca_82,a,1,https://stock.adobe.com/uk/images/azores-islands-architecture-historical-city-center-of-ponta-delgada-in-azores-portugal/399046251
ca_83,a,1,https://stock.adobe.com/uk/images/ponta-delgada-azores-portugal-july-2018-portas-da-cidade-gates-to-the-city-historic-entrance-to-the-town-of-ponta-delgada-on-sao-miguel-island-azores/228273399
ca_84,a,1,https://stock.adobe.com/uk/images/beautiful-jardim-sena-freita-located-in-the-historic-center-of-ponta-delgada-city-on-sao-miguel-island-azores-sao-miguel-portugal/430468878
ca_85,a,1,https://stock.adobe.com/uk/images/portas-da-cidade-city-gates-entrance-ponta-delgada-city-sao-miguel-island-azores-portugal/291602880
ca_86,a,1,https://stock.adobe.com/uk/images/ponta-delgada-skyline-azores-portugal/561105322
ca_87,a,1,https://stock.adobe.com/uk/images/azores-islands-architecture-historical-city-center-of-ponta-delgada-in-azores-portugal/399046189
ca_88,a,1,https://stock.adobe.com/uk/images/luxury-cruise-ship-in-port/76115561
ca_89,a,1,https://stock.adobe.com/uk/images/ponta-delgada-one-of-the-most-beautiful-cities-of-the-azores/337523707
ca_90,a,1,https://stock.adobe.com/uk/images/beautiful-jardim-sena-freita-located-in-the-historic-center-of-ponta-delgada-city-on-sao-miguel-island-azores-sao-miguel-portugal/376555635
ca_91,a,1,https://stock.adobe.com/uk/images/top-view-of-center-ponta-delgada-in-the-azores-portugal/85442369
ca_92,a,1,https://stock.adobe.com/uk/images/portas-da-cidade-city-gate-in-ponta-delgada-azores/160349043
ca_93,a,1,https://stock.adobe.com/uk/images/ponta-delgada-by-night/182184630
ca_94,a,1,https://stock.adobe.com/uk/images/night-view-of-harbor-at-ponta-delgada-azores-at-sao-miguel-island-at-epic-sunset-ocrober-10-2018-azores-portugal/286745345
ca_95,a,1,https://stock.adobe.com/uk/images/azores-islands-architecture-historical-city-center-of-ponta-delgada-in-azores-portugal/399046154
ca_96,a,1,https://stock.adobe.com/uk/images/ponta-delgada-city-christmas-decorations-ponta-delgada-azores-december-11-2020/398896321
ca_97,a,1,https://stock.adobe.com/uk/images/azores-islands-architecture-historical-city-center-of-ponta-delgada-in-azores-portugal/399045903
ca_98,a,1,https://stock.adobe.com/uk/images/mae-de-deus-hermitage-at-ponta-delgada-in-portugal/496918080
ca_99,a,1,https://stock.adobe.com/uk/images/ponta-delgada-azores-portugal-circa-september-2021-autonomous-government-palace/465095472
ca_100,a,1,https://stock.adobe.com/uk/images/azores-islands-architecture-historical-city-center-of-ponta-delgada-in-azores-portugal/399045838
ca_101,a,1,https://stock.adobe.com/uk/images/church-of-ponta-delgada-on-the-azores/465095689
ca_102,a,1,https://stock.adobe.com/uk/images/top-view-of-rooftops-in-downtown-ponta-delgada-azores-portugal/506374487
ca_103,a,1,https://stock.adobe.com/uk/images/city-view-on-the-old-town-with-harbor-at-ponta-delgada-capital-city-of-the-azores-at-sao-miguel-island-beautiful-old-town-by-the-ocean/191797157
ca_104,a,1,https://stock.adobe.com/uk/images/convento-de-nossa-senhora-da-esperanca/104434573
ca_105,a,1,https://stock.adobe.com/uk/images/cityscape-ponta-delgada-azores/348194576
ca_106,a,1,https://stock.adobe.com/uk/images/flora-of-a-park-in-ponta-delgada-azores/430143020
ca_107,a,1,https://stock.adobe.com/uk/images/flora-of-a-park-in-ponta-delgada-azores/430143020
ca_108,a,1,https://stock.adobe.com/uk/images/garden-in-the-city-of-ponta-delgada-azores/290233458
ca_109,a,1,https://stock.adobe.com/uk/images/sea-in-ponta-delgada-sao-miguel-island-azores/430143643
ca_110,a,1,https://stock.adobe.com/uk/images/church-of-ponta-delgada-on-the-azores/465095706
ca_111,a,1,https://stock.adobe.com/uk/images/ponta-delgada-azores-portugal-circa-september-2021-autonomous-government-palace/465097748
ca_112,a,1,https://stock.adobe.com/uk/images/azores-islands-architecture-historical-city-center-of-ponta-delgada-in-azores-portugal/399046089
ca_113,a,1,https://stock.adobe.com/uk/images/flora-of-a-park-in-ponta-delgada-azores/401957739
ca_114,a,1,https://stock.adobe.com/uk/images/church-of-ponta-delgada-on-the-azores/465095951
ca_115,a,1,https://stock.adobe.com/uk/images/ponta-delgada-azores-december-8-2021-ponta-delgada-streets-at-night/480604810
ca_116,a,1,https://stock.adobe.com/uk/images/ponta-delgada-azores-july-25-2021-historic-center-of-ponta-delgada/480606757
ca_117,a,1,https://stock.adobe.com/uk/images/city-of-ponta-delgada-azores/290229422
ca_118,a,1,https://stock.adobe.com/uk/images/garden-in-the-city-of-ponta-delgada-azores/290233246
ca_119,a,1,https://stock.adobe.com/uk/images/sea-in-ponta-delgada-sao-miguel-island-azores/401958472
ca_120,a,1,https://stock.adobe.com/uk/images/sea-in-ponta-delgada-sao-miguel-island-azores/401958467
ca_121,a,1,https://stock.adobe.com/uk/images/garden-antonio-borges-ponta-delgada-azores/399249338
ca_122,a,1,https://stock.adobe.com/uk/images/garden-in-the-city-of-ponta-delgada-azores/290233549
ca_123,a,1,https://stock.adobe.com/uk/images/garden-in-the-city-of-ponta-delgada-azores/290234730
ca_124,a,1,https://stock.adobe.com/uk/images/harbor-of-ponta-delgada-on-sao-miguel-island/465832785
ca_125,a,1,https://stock.adobe.com/uk/images/gate-of-the-city-of-ponta-delgada/168996783
ca_126,a,1,https://stock.adobe.com/uk/images/amazing-view-at-ponta-delgada-embankment-azores-san-miguel-island-sunset/399048092
ca_127,a,1,https://stock.adobe.com/uk/images/church-of-sao-pedro-at-ponta-delgada-town-in-the-azores-portugal/496917947
ca_128,a,1,https://stock.adobe.com/uk/images/garden-antonio-borges-ponta-delgada-azores/399249288
ca_129,a,1,https://stock.adobe.com/uk/images/top-view-of-the-ponta-delgada-center-san-miguel-island-azores-portugal/509035177
ca_130,a,1,https://stock.adobe.com/uk/images/church-of-the-jesuite-college-at-ponta-delgada-in-the-azores-portugal/496921358
ca_131,a,1,https://stock.adobe.com/uk/images/igreja-de-sao-jose/513393148
ca_132,a,1,https://stock.adobe.com/uk/images/harbor-of-ponta-delgada-in-the-azores/54848366
ca_133,a,1,https://stock.adobe.com/uk/images/church-of-sao-jose-at-ponta-delgada-town-in-the-azores-portugal/496917892
ca_134,a,1,https://stock.adobe.com/uk/images/beautiful-jardim-sena-freita-located-in-the-historic-center-of-ponta-delgada-city-on-sao-miguel-island-azores-sao-miguel-portugal/399047410
ca_135,a,1,https://stock.adobe.com/uk/images/ponta-delgada-harbor-on-sao-miguel/465831986
ca_136,a,1,https://stock.adobe.com/uk/images/mae-de-deus-hermitage-at-ponta-delgada-in-portugal/496918097
ca_137,a,1,https://stock.adobe.com/uk/images/azores-ponta-delgada-portas-da-cidade-city-gates-entrance-ponta-delgada-downtown-sao-miguel-island-acores-portugal/291052544
ca_138,a,1,https://stock.adobe.com/uk/images/scenes-of-azores-portugal/517499158
ca_139,a,1,https://stock.adobe.com/uk/images/view-on-atlantic-ocean-coast-near-ponta-delgada-city-on-sao-miguel-island-azores-portugal/165103390
ca_140,a,1,https://stock.adobe.com/uk/images/ponta-delgada-one-of-the-most-beautiful-cities-of-the-azores/337523074
ca_141,a,1,https://stock.adobe.com/uk/images/view-of-the-historical-cener-of-ponta-delgada-on-azores-portugal/506374520
ca_142,a,1,https://stock.adobe.com/uk/images/the-alley-behind-the-harbor-in-ponta-delgada/160349357
ca_143,a,1,https://stock.adobe.com/uk/images/church-in-the-azores-along-a-street/54848377
ca_144,a,1,https://stock.adobe.com/uk/images/garden-in-the-city-of-ponta-delgada-azores/290235126
ca_145,a,1,https://stock.adobe.com/uk/images/top-view-of-roofs-in-center-ponta-delgada-sao-miguel-island-azores/88150013
ca_146,a,1,https://stock.adobe.com/uk/images/ponta-delgada-one-of-the-most-beautiful-cities-of-the-azores/337530697
ca_147,a,1,https://stock.adobe.com/uk/images/nice-view-from-different-points-of-san-miguel-island-of-azores/555241301
ca_148,a,1,https://stock.adobe.com/uk/images/church-of-sao-pedro-at-ponta-delgada-town-in-the-azores-portugal/496917939
ca_149,a,1,https://stock.adobe.com/uk/images/ponta-delgada-azores/85286757
ca_150,a,1,https://stock.adobe.com/uk/images/ponta-delgada-portugal-june-2019-beautiful-white-clouds-against-the-blue-sky-the-beautiful-city-of-ponta-delgada-on-the-island-of-san-miguel-azores-portugal-travel-to-the-azores-collage/349619898
ca_151,a,1,https://stock.adobe.com/uk/images/ponta-delgada-portugal-june-2019-beautiful-white-clouds-against-the-blue-sky-the-beautiful-city-of-ponta-delgada-on-the-island-of-san-miguel-azores-portugal-travel-to-the-azores-collage/349619898
ca_152,a,1,https://stock.adobe.com/uk/images/view-of-street-and-buildings-against-sky/458438332
ca_153,a,1,https://stock.adobe.com/uk/images/fort-sao-bras-at-ponta-delgada-town-at-sao-miguel-the-azores-portugal/496917951
ca_154,a,1,https://stock.adobe.com/uk/images/road-by-buildings-against-cloudy-sky/410776833
ca_155,a,1,https://stock.adobe.com/uk/images/fort-sao-bras-at-ponta-delgada-town-at-sao-miguel-the-azores-portugal/496917953
ca_156,a,1,https://stock.adobe.com/uk/images/scenic-view-of-river-by-city-against-sky/404863785
ca_157,a,1,https://stock.adobe.com/uk/images/garden-in-the-city-of-ponta-delgada-azores/290232494
ca_158,a,1,https://stock.adobe.com/uk/images/ponta-delgada-one-of-the-most-beautiful-cities-of-the-azores/337525181
ca_159,a,1,https://stock.adobe.com/uk/images/city-of-ponta-delgada-azores/290235838
ca_160,a,1,https://stock.adobe.com/uk/images/garden-in-the-city-of-ponta-delgada-azores/290232153
ca_161,a,1,https://stock.adobe.com/uk/images/city-of-ponta-delgada-azores/290229607
ca_162,a,1,https://stock.adobe.com/uk/images/ponta-delgada-one-of-the-most-beautiful-cities-of-the-azores/337521672
ca_163,a,1,https://stock.adobe.com/uk/images/garden-in-the-city-of-ponta-delgada-azores/290232553
ca_164,a,1,https://stock.adobe.com/uk/images/garden-in-the-city-of-ponta-delgada-azores/290232269
ca_165,a,1,https://stock.adobe.com/uk/images/ponta-delgada-one-of-the-most-beautiful-cities-of-the-azores/337523662
ca_166,a,1,https://stock.adobe.com/uk/images/ponta-delgada-one-of-the-most-beautiful-cities-of-the-azores/337523777
ca_167,a,1,https://stock.adobe.com/uk/images/ponta-delgada-one-of-the-most-beautiful-cities-of-the-azores/337523610
ca_168,a,1,https://stock.adobe.com/uk/images/ponta-delgada-one-of-the-most-beautiful-cities-of-the-azores/337530791
ca_169,a,1,https://stock.adobe.com/uk/images/ponta-delgada-one-of-the-most-beautiful-cities-of-the-azores/337528550
ca_170,a,1,https://stock.adobe.com/uk/images/ponta-delgada-one-of-the-most-beautiful-cities-of-the-azores/337528729
ca_171,a,1,https://stock.adobe.com/uk/images/garden-in-the-city-of-ponta-delgada-azores/290232796
ca_172,a,1,https://stock.adobe.com/uk/images/garden-in-the-city-of-ponta-delgada-azores/290232090
ca_173,a,1,https://stock.adobe.com/uk/images/ponta-delgada-one-of-the-most-beautiful-cities-of-the-azores/337530752
ca_174,a,1,https://stock.adobe.com/uk/images/city-of-ponta-delgada-azores/290231576
ca_175,a,1,https://stock.adobe.com/uk/images/ponta-delgada-one-of-the-most-beautiful-cities-of-the-azores/337530655
ca_176,a,1,https://stock.adobe.com/uk/images/coast-in-ponta-delgada-city-azores/290240765
ca_177,a,1,https://stock.adobe.com/uk/images/garden-in-the-city-of-ponta-delgada-azores/290233789
ca_178,a,1,https://stock.adobe.com/uk/images/church-of-st-joseph-portuguese-igreja-de-sao-jose-dated-from-1709-located-in-the-historic-center-of-ponta-delgada-city-on-sao-miguel-island-azores-sao-miguel-portugal/376555425
ca_179,a,1,https://stock.adobe.com/uk/images/city-of-ponta-delgada-azores/290235753
ca_180,a,1,https://stock.adobe.com/uk/images/praca-da-republica-in-ponta-delgada-azores-portugal/506956010
ca_181,a,1,https://stock.adobe.com/uk/images/coast-in-ponta-delgada-city-azores/290231770
ca_182,a,1,https://stock.adobe.com/uk/images/colorful-facades-in-portuguse-town-ponta-delgada/496917897
ca_183,a,1,https://stock.adobe.com/uk/images/garden-in-the-city-of-ponta-delgada-azores/290234859
ca_184,a,1,https://stock.adobe.com/uk/images/street-in-ponta-delgada-azores-portugal/320794941
ca_185,a,1,https://stock.adobe.com/uk/images/saint-sabastian-church-with-clock-tower-in-ponta-delgada-on-sao-miguel-island-in-azores-portugal-beautiful-church-in-early-morning-under-white-clouds/130013804
ca_186,a,1,https://stock.adobe.com/uk/images/road-by-building-against-sky/458455107
ca_187,a,1,https://stock.adobe.com/uk/images/aerial-view-of-ponta-delgada-town-at-sao-miguel-island-portugal/496918090
ca_188,a,1,https://stock.adobe.com/uk/images/street-in-ponta-delgada-azores-portugal/320795251
ca_189,a,1,https://stock.adobe.com/uk/images/harbor-of-ponta-delgada-on-sao-miguel-island/465832760
ca_190,a,1,https://stock.adobe.com/uk/images/scenes-of-azores-portugal/517497884
ca_191,a,1,https://stock.adobe.com/uk/video/aerial-of-ponta-delgada-sao-miguel-4/406882167
ca_192,a,1,https://stock.adobe.com/uk/images/ponta-delgada-azores-jardim-antonio-borges/144839456
ca_193,a,1,https://stock.adobe.com/uk/images/botanical-garden-antonio-borges-ponta-delgada-azores-portugal/121421900
ca_194,a,1,https://stock.adobe.com/uk/images/city-of-ponta-delgada-azores/290230160
ca_195,a,1,https://stock.adobe.com/uk/images/ponta-delgada-azores-jardim-antonio-borges/144839451
ca_196,a,1,https://stock.adobe.com/uk/video/the-city-of-ponta-delgada-in-the-azores-general-view/497886387
ca_197,a,1,https://stock.adobe.com/uk/images/ponta-delgada-harbor/266945837
ca_198,a,1,https://stock.adobe.com/uk/images/aerial-view-of-ponta-delgada-town-at-sao-miguel-island-portugal/496918111
ca_199,a,1,https://stock.adobe.com/uk/images/ponta-delgada-sao-miguel-island-azores-archipielago-portugal/270475903
ca_200,a,1,https://stock.adobe.com/uk/images/ponta-delgada-sao-miguel-island-azores-archipielago-portugal/270476562
cb_1,b,1,https://stock.adobe.com/uk/images/stirling-castle/69788132
cb_2,b,1,https://stock.adobe.com/uk/images/stirling-castle/91762901
cb_3,b,1,https://stock.adobe.com/uk/images/uk-destination-red-pier-iron-south-history-clouds-crossing-cantilever-historic-yachts-britain-time-famous-great-railway-british-transportation-sky-bay-sea-water-bridge-sailing/164746402
cb_4,b,1,https://stock.adobe.com/uk/images/stirling-castle/168204013
cb_5,b,1,https://stock.adobe.com/uk/images/path-leading-to-stirling-old-town-scotland/182094286
cb_6,b,1,https://stock.adobe.com/uk/images/sunset-in-entry-of-stirling-castle-in-autumn-with-clouds-in-the-background/392170560
cb_7,b,1,https://stock.adobe.com/uk/images/aerial-view-of-national-wallace-monument-in-stirling-scotland/549954309
cb_8,b,1,https://stock.adobe.com/uk/images/highland-cow-in-front-of-stirling-castle/135622213
cb_9,b,1,https://stock.adobe.com/uk/images/aerial-image-of-the-wallace-monument-on-abbey-craig-in-scotland/209116722
cb_10,b,1,https://stock.adobe.com/uk/images/stirling-scotland-june-2013-top-view-on-residential-quarte/114225655
cb_11,b,1,https://stock.adobe.com/uk/images/stirling-scotland-june-2013-top-view-on-residential-quarte/114225655
cb_12,b,1,https://stock.adobe.com/uk/images/bridge-reflection-in-stirling-scotland-highlands/159495520
cb_13,b,1,https://stock.adobe.com/uk/images/stirling-bridge/367342048
cb_14,b,1,https://stock.adobe.com/uk/images/view-of-the-cemetery-behind-the-medieval-church-of-holy-rude-of-great-importance-in-the-coronation-of-scottish-kings-stirling-scotland/225889845
cb_15,b,1,https://stock.adobe.com/uk/images/street-view-of-the-medieval-architecture-of-the-holy-rude-area-of-stirling-scotland/507009593
cb_16,b,1,https://stock.adobe.com/uk/images/stirling-city-in-stirlingshire-scotland-uk/59684461
cb_17,b,1,https://stock.adobe.com/uk/images/festung/222764509
cb_18,b,1,https://stock.adobe.com/uk/images/stirling-city-scotland/239010252
cb_19,b,1,https://stock.adobe.com/uk/images/aerial-view-of-stirling-old-town-scotland/154676295
cb_20,b,1,https://stock.adobe.com/uk/images/old-town-street-stirling-scotland/539812105
cb_21,b,1,https://stock.adobe.com/uk/images/low-level-aerial-image-of-stirling-and-church-of-the-holy-rude/209563474
cb_22,b,1,https://stock.adobe.com/uk/images/old-house-in-stirling-scotland/229421570
cb_23,b,1,https://stock.adobe.com/uk/images/stirling-cityscape-scotland-uk/537761187
cb_24,b,1,https://stock.adobe.com/uk/images/a-view-along-the-graveyard-from-the-church-at-holy-rude-stirling-on-a-summers-day/437896959
cb_25,b,1,https://stock.adobe.com/uk/images/view-around-stirling-castle-located-in-stirling-is-one-of-the-largest-and-most-important-castles-in-scotland-both-historically-and-architecturally-the-castle-sits-atop-castle-hill/198957977
cb_26,b,1,https://stock.adobe.com/uk/images/stirling-from-wallace-monument/82828997
cb_27,b,1,https://stock.adobe.com/uk/images/holy-rude-cemetery/234951977
cb_28,b,1,https://stock.adobe.com/uk/images/part-of-historic-city-wall-in-stirling-scotland/202094806
cb_29,b,1,https://stock.adobe.com/uk/images/high-angle-view-of-city/318606288
cb_30,b,1,https://stock.adobe.com/uk/images/aerial-view-of-townscape-against-sky/345513360
cb_31,b,1,https://stock.adobe.com/uk/images/high-angle-view-of-townscape-against-sky/338125841
cb_32,b,1,https://stock.adobe.com/uk/images/view-of-traditional-scottish-stone-houses-in-town-stirling-from-stirling-castle-in-scotland/137810733
cb_33,b,1,https://stock.adobe.com/uk/images/stirling-castle/168204030
cb_34,b,1,https://stock.adobe.com/uk/images/martyrs-monument-stirling-vemetery-scotland/460731861
cb_35,b,1,https://stock.adobe.com/uk/images/view-over-city-stirling-scotland-uk-europe/417845158
cb_36,b,1,https://stock.adobe.com/uk/images/scotland-monument-to-william-wallace-in-the-city-of-stirling-view-from-above/562247326
cb_37,b,1,https://stock.adobe.com/uk/images/stirling-historic-center-panoramic-view-from-castle-scotland/549956729
cb_38,b,1,https://stock.adobe.com/uk/images/aerial-view-of-the-stirling-city-in-central-scotland/475433755
cb_39,b,1,https://stock.adobe.com/uk/images/the-city-of-stirling-and-castle-views-foggy-weather-in-winter-central-scotland-uk/482646857
cb_40,b,1,https://stock.adobe.com/uk/images/stirling-old-bridge-was-built-around-1400-a-stone-bridge-which-crosses-river-forth/512005568
cb_41,b,1,https://stock.adobe.com/uk/images/high-angle-view-of-landscape-against-sky/363073781
cb_42,b,1,https://stock.adobe.com/uk/images/the-iconic-cannons-and-beheading-stone-in-stirling-scotland/425722119
cb_43,b,1,https://stock.adobe.com/uk/images/magical-evening-photo-of-mar-s-wark-and-trees-with-fairy-lights-in-stirling/396165245
cb_44,b,1,picture belongs to me
cb_45,b,1,http://tallgirlbigworld.com/what-to-do-in-stirling-scotland/
cb_46,b,1,https://www.flickr.com/photos/96040147@N03/9380584861/in/photostream
cb_47,b,1,https://www.pinterest.ca/pin/ASYk2uD4PQsnwRKDNv3a3Tr3q2OmSSjaavZzvr0Th34KjdEwc34PLMg/
cb_48,b,1,https://www.pinterest.ca/pin/3377768462255958/
cb_49,b,1,http://myprettyuniverse.tumblr.com/post/125529801268/the-elysian-dream-the-national-william-wallace
cb_50,b,1,https://www.pinterest.ca/pin/1055599899487211/
cb_51,b,1,http://www.stir.ac.uk/sport/
cb_52,b,1,https://stock.adobe.com/uk/images/view-of-airthrey-castle-and-stirling-university-campus-from-ochil-hills-near-blairlogie-scotland/171409832
cb_53,b,1,https://stock.adobe.com/uk/images/winter-sunset-on-airthrey-loch/192320975
cb_54,b,1,https://stock.adobe.com/uk/images/airthrey-castle-stirling-in-the-snow-black-and-white/130609133
cb_55,b,1,https://stock.adobe.com/uk/images/panorama-of-stirling-city-in-scotland-england/170638217
cb_56,b,1,https://stock.adobe.com/uk/images/airthrey-castle-is-a-historic-building-and-estate-which-now-forms-part-of-the-buildings-and-grounds-of-the-university-of-stirling-in-central-scotland-u-k/425658905
cb_57,b,1,https://stock.adobe.com/uk/images/building-reflection-in-the-water-at-night/337502132
cb_58,b,1,https://stock.adobe.com/uk/images/logie-old-kirk-can-be-found-on-the-north-eastern-edge-of-stirling-not-far-from-stirling-university-logie-parish-church-which-was-built-in-1805-still-has-its-own-cemetery-churchyard/425623417
cb_59,b,1,https://stock.adobe.com/uk/images/shoe-on-hill-stirling-university/64471573
cb_60,b,1,https://stock.adobe.com/uk/images/bridge-over-airthrey-loch-stirling/64471240
cb_61,b,1,https://stock.adobe.com/uk/images/tree/64472104
cb_62,b,1,https://stock.adobe.com/uk/images/airthrey-loch-stirling-university/64470784
cb_63,b,1,https://stock.adobe.com/uk/images/chimney-in-green-forest/64471577
cb_64,b,1,http://usac.unr.edu/study-abroad-programs/scotland/stirling/photo-gallery
cb_65,b,1,http://studyabroad.arcadia.edu/find-a-program/programs-by-country/scotland/university-of-stirling/
cb_66,b,1,https://www.pinterest.ca/pin/302304193715397063/
cb_67,b,1,https://stock.adobe.com/uk/images/moonset-stirling-castle/488319055
cb_68,b,1,https://stock.adobe.com/uk/images/green-meadow-with-wall-and-palace-in-the-background/382185025
cb_69,b,1,https://stock.adobe.com/uk/images/the-church-of-the-holy-rude-in-the-village-of-stirling-scotland/376046336
cb_70,b,1,https://stock.adobe.com/uk/images/casa-de-arquitectura-escocesa-de-piedra-con-ventanales/380625228
cb_71,b,1,https://stock.adobe.com/uk/images/the-stirling-castle-over-the-cemetery-stirling-scotland/376046320
cb_72,b,1,https://en.wikipedia.org/wiki/Stirling#/media/File:Stirling(DonaldMacDonald)Dec2005.jpg
cb_73,b,1,https://en.wikipedia.org/wiki/Stirling#/media/File:Stirling_Castle_2017.jpg
cb_74,b,1,"https://en.wikipedia.org/wiki/Stirling#/media/File:The_Wallace_Monument,_Stirling.JPG"
cb_75,b,1,https://en.wikipedia.org/wiki/Stirling#/media/File:Stirling_railway_station_-_02.jpg
cb_76,b,1,https://en.wikipedia.org/wiki/Stirling#/media/File:Sunny_Stirling_(32286691552).jpg
cb_77,b,1,https://en.wikipedia.org/wiki/Stirling#/media/File:Stirlingcastle.jpg
cb_78,b,1,"https://en.wikipedia.org/wiki/Stirling#/media/File:The_Municipal_Building,_Corn_Exchange_Street,_Stirling_(28575910626).jpg"
cb_79,b,1,https://en.wikipedia.org/wiki/Stirling#/media/File:Stirling_Council_Head_Quarters_-_geograph.org.uk_-_131346.jpg
cb_80,b,1,https://en.wikipedia.org/wiki/Stirling#/media/File:Stirling_Bridge_and_Wallace_Monument.JPG
cb_81,b,1,https://en.wikipedia.org/wiki/Stirling#/media/File:2012_-_panoramio_(168).jpg
cb_82,b,1,https://www.scotlandinfo.eu/stirling-city-guide/
cb_83,b,1,https://www.scotlandinfo.eu/stirling-city-guide/
cb_84,b,1,https://www.scotlandinfo.eu/stirling-city-guide/
cb_85,b,1,https://www.scotlandinfo.eu/stirling-city-guide/
cb_86,b,1,https://www.dailyrecord.co.uk/news/local-news/stirling-city-centre-businesses-give-29287002
cb_87,b,1,https://www.stga.co.uk/see-do/cities-towns/stirling
cb_88,b,1,https://www.visitscotland.com/places-to-go/stirling/things-to-do
cb_89,b,1,https://www.tripadvisor.co.uk/Attraction_Review-g191266-d2064459-Reviews-Stirling_Smith_Art_Gallery_Museum-Stirling_Scotland.html
cb_90,b,1,https://www.visitscotland.com/places-to-go/stirling/things-to-do
cb_91,b,1,https://www.visitscotland.com/places-to-go/stirling/things-to-do
cb_92,b,1,https://www.visitscotland.com/places-to-go/stirling/things-to-do
cb_93,b,1,https://www.visitscotland.com/places-to-go/stirling/things-to-do
cb_94,b,1,
cb_95,b,1,
cb_96,b,1,
cb_97,b,1,
cb_98,b,1,
cb_99,b,1,
cb_100,b,1,
cb_101,b,0,https://stock.adobe.com/uk/images/exterior-of-stirling-castle-scotland/49652984
cb_102,b,0,https://stock.adobe.com/uk/images/stirling-schottland/82177241
cb_103,b,0,https://stock.adobe.com/uk/images/stirling-castle-stirling-scotland/210031021
cb_104,b,0,https://stock.adobe.com/uk/images/stirling-castle-at-night/192321637
cb_105,b,0,https://stock.adobe.com/uk/images/stirling-castle/435721535
cb_106,b,0,https://stock.adobe.com/uk/images/old-gothic-castle-in-scotland-highland-tourism-and-history/341341817
cb_107,b,0,https://stock.adobe.com/uk/images/view-of-the-medieval-old-town-of-stirling-in-scotland-with-the-clock-tower/169329786
cb_108,b,0,https://stock.adobe.com/uk/images/medieval-village-street-with-modern-shops/382185008
cb_109,b,0,https://stock.adobe.com/uk/images/stirling-castle/435721544
cb_110,b,0,https://stock.adobe.com/uk/images/view-of-the-medieval-old-town-of-stirling-in-scotland-with-the-clock-tower/169329777
cb_111,b,0,https://stock.adobe.com/uk/images/argyll-s-lodging-in-stirling-scotland/362373871
cb_112,b,0,https://stock.adobe.com/uk/images/fassade-eines-typischen-steinhauses-in-den-schottischen-highlands/259500809
cb_113,b,0,https://stock.adobe.com/uk/images/view-of-stirling-old-town-close-to-church-of-the-holy-rude-scotland/212318089
cb_114,b,0,https://stock.adobe.com/uk/images/the-forthside-footbridge-over-the-railway-line-in-stirling-city-centre-stirlingshire-scotland/322593126
cb_115,b,0,https://stock.adobe.com/uk/images/view-from-stirling-castle-over-the-inner-castle-wards-and-outward-to-the-city-of-stirling-beyond-stirling-castle-stirlingshire-scotland/483136455
cb_116,b,0,https://stock.adobe.com/uk/images/stirling-building/332920515
cb_117,b,0,https://stock.adobe.com/uk/images/uk-scotland-stirling-entrance-gate-of-mars-wark/445438501
cb_118,b,0,https://stock.adobe.com/uk/images/cowane-s-hospital-a-17th-century-almshouse-in-the-old-town-of-stirling-is-located-near-the-medieval-church-of-holy-rude-scotland/225889835
cb_119,b,0,https://stock.adobe.com/uk/images/lovers-side-stirling/496559060
cb_120,b,0,https://stock.adobe.com/uk/images/roofs-of-buildings-in-scotland-covered-in-snow-during-a-snowstorm/497146810
cb_121,b,0,https://stock.adobe.com/uk/images/old-stone-church-with-tower-spire-seen-against-blue-sky/468554905
cb_122,b,0,https://stock.adobe.com/uk/images/beautiful-brick-corner-apartment-building-in-stirling/396163540
cb_123,b,0,https://stock.adobe.com/uk/images/front-view-of-scenic-stirling-old-town-jail-building-medieval-style/171120064
cb_124,b,0,https://stock.adobe.com/uk/images/mar-s-wark-in-old-town-of-stirling-scotland/453806814
cb_125,b,0,picture belongs to me
cb_126,b,0,https://www.flickr.com/photos/djwtwo/19625936328/in/photostream/
cb_127,b,0,https://www.watchmesee.com/blog/cool-things-to-do-in-stirling-day-trip/
cb_128,b,0,https://www.redfedoradiary.com/things-to-do-in-stirling-scotland/
cb_129,b,0,https://comewithkris.com/best-places-to-visit-in-scotland/
cb_130,b,0,http://studyabroad.arcadia.edu/find-a-program/programs-by-country/scotland/university-of-stirling-summer/
cb_131,b,0,http://www.jacquelynclark.com/2012/10/11/stirling-scotland/
cb_132,b,0,https://www.pinterest.ca/pin/140806219115631/
cb_133,b,0,https://www.pinterest.ca/pin/65443000810397980/
cb_134,b,0,https://stock.adobe.com/uk/images/stirling-castle-entry/371527238
cb_135,b,0,https://en.wikipedia.org/wiki/Stirling#/media/File:Stirling_Castle_Great_Hall_2016.jpg
cb_136,b,0,https://en.wikipedia.org/wiki/Stirling#/media/File:Broad_St_Stirling_Scotland.jpg
cb_137,b,0,"https://en.wikipedia.org/wiki/Stirling#/media/File:Hotel_Colessio,_Stirling_(28518024592).jpg"
cb_138,b,0,https://en.wikipedia.org/wiki/Stirling#/media/File:Wfm_scottish_institute_of_sport.jpg
cb_139,b,0,https://www.scotlandinfo.eu/stirling-city-guide/
cb_140,b,0,https://www.scotlandinfo.eu/stirling-city-guide/
cb_141,b,0,https://www.scotlandinfo.eu/stirling-city-guide/
cb_142,b,0,https://www.scotlandinfo.eu/stirling-city-guide/
cb_143,b,0,https://www.visitscotland.com/places-to-go/stirling/things-to-do
cb_144,b,0,
cb_145,b,0,
cb_146,b,0,
cb_147,b,0,
cb_148,b,0,
cb_149,b,0,
cb_150,b,0,
cb_151,b,0,
cb_152,b,0,
cb_153,b,0,
cb_154,b,0,
cb_155,b,0,
cb_156,b,0,
cb_157,b,0,
cb_158,b,0,
cb_159,b,0,
cb_160,b,0,
cb_161,b,0,
cb_162,b,0,
cb_163,b,0,
cb_164,b,0,
cb_165,b,0,
cb_166,b,0,
cb_167,b,0,
cb_168,b,0,
cb_169,b,0,
cb_170,b,0,
cb_171,b,0,
cb_172,b,0,
cb_173,b,0,
cb_174,b,0,
cb_175,b,0,
cb_176,b,0,
cb_177,b,0,
cb_178,b,0,
cb_179,b,0,
cb_180,b,0,
cb_181,b,0,
cb_182,b,0,
cb_183,b,0,
cb_184,b,0,
cb_185,b,0,
cb_186,b,0,
cb_187,b,0,
cb_188,b,0,
cb_189,b,0,
cb_190,b,0,
cb_191,b,0,
cb_192,b,0,
cb_193,b,0,
cb_194,b,0,
cb_195,b,0,
cb_196,b,0,
cb_197,b,0,
cb_198,b,0,
cb_199,b,0,
cb_200,b,0,
